INSERT INTO USER(ID, USERID, NAME) VALUES(1, 'ssbera', 'Siddhartha Bera')
INSERT INTO USER(ID, USERID, NAME) VALUES(2, 'skasi', 'Sathish')
INSERT INTO USER(ID, USERID, NAME) VALUES(3, 'ram', 'Ram Gopal')


INSERT INTO PROJECT(ID, DESCRIPTION, LAST_BID_DATE, MAX_BUDGET, NAME, ACTIVE) VALUES(1, 'Need 10 experiance java guy for 3 months', to_date('10-05-2018 00:00', 'dd-MM-yyyy hh:mm'), 1000, 'Sid Telecommunication project', true)
INSERT INTO PROJECT(ID, DESCRIPTION, LAST_BID_DATE, MAX_BUDGET, NAME, ACTIVE) VALUES(2, 'Need 2 experiance java guy for 1 month', to_date('11-05-2018 00:00', 'dd-MM-yyyy hh:mm'), 1000, 'Need help', true)


INSERT INTO USER_PROJECT_BID(ID, USER_ID, PROJECT_ID, BID_VALUE, SKILL_SET,COMMENT) VALUES(1,2,1,200,'java', 'I have 12 years of experiance')
INSERT INTO USER_PROJECT_BID(ID, USER_ID, PROJECT_ID, BID_VALUE, SKILL_SET,COMMENT) VALUES(2,3,1,300,'java', 'I have 12 years of experiance')
INSERT INTO USER_PROJECT_BID(ID, USER_ID, PROJECT_ID, BID_VALUE, SKILL_SET,COMMENT) VALUES(3,3,1,600,'java', 'I have 12 years of experiance')
INSERT INTO USER_PROJECT_BID(ID, USER_ID, PROJECT_ID, BID_VALUE, SKILL_SET,COMMENT) VALUES(4,2,1,600,'java', 'I have 12 years of experiance')


INSERT INTO USER_PROJECT_BID(ID, USER_ID, PROJECT_ID, BID_VALUE, SKILL_SET,COMMENT) VALUES(5,3,2,400,'java', 'I have 12 years of experiance')
INSERT INTO USER_PROJECT_BID(ID, USER_ID, PROJECT_ID, BID_VALUE, SKILL_SET,COMMENT) VALUES(6,2,2,500,'java', 'I have 12 years of experiance')
INSERT INTO USER_PROJECT_BID(ID, USER_ID, PROJECT_ID, BID_VALUE, SKILL_SET,COMMENT) VALUES(7,3,2,300,'java', 'I have 12 years of experiance')


INSERT INTO USER_RATING(ID, USER_ID, PROJECT_ID, STATUS, RATING) VALUES(1, 1, 1, 'BUYER', 10)
INSERT INTO USER_RATING(ID, USER_ID, PROJECT_ID, STATUS, RATING) VALUES(2, 2, 1, 'SELLER', 2)
INSERT INTO USER_RATING(ID, USER_ID, PROJECT_ID, STATUS, RATING) VALUES(3, 3, 1, 'SELLER', 4)
INSERT INTO USER_RATING(ID, USER_ID, PROJECT_ID, STATUS, RATING) VALUES(4, 2, 2, 'SELLER', 6)
INSERT INTO USER_RATING(ID, USER_ID, PROJECT_ID, STATUS, RATING) VALUES(5, 3, 2, 'SELLER', 8)